"","X","type","pos","alt","mutation","freq","label"
"2",2,"~",2832,"G","aa:orf1a:K856R",1,"~2832G"
"4",4,"~",5386,"G","None",0.987012987012987,"~5386G"
"6",6,"~",8393,"A","aa:orf1a:A2710T",1,"~8393A"
"8",8,"~",10449,"A","aa:orf1a:P3395H",1,"~10449A"
"10",10,"~",11537,"G","aa:orf1a:I3758V",1,"~11537G"
"11",11,"~",13195,"C","None",1,"~13195C"
"14",14,"~",18163,"G","aa:orf1b:I1566V",1,"~18163G"
"19",19,"~",22578,"A","aa:S:G339D",0.974025974025974,"~22578A"
"20",20,"~",22673,"C","aa:S:S371P",0.974025974025974,"~22673C"
"21",21,"~",22674,"T","aa:S:S371F",0.974025974025974,"~22674T"
"26",26,"~",22898,"A","aa:S:G446S",0.974025974025974,"~22898A"
"35",35,"~",23202,"A","aa:S:T547K",0.987012987012987,"~23202A"
"42",42,"~",24130,"A","aa:S:N856K",0.961038961038961,"~24130A"
"44",44,"~",24469,"A","aa:S:N969K",0.974025974025974,"~24469A"
"50",50,"~",26577,"G","aa:M:Q19E",0.974025974025974,"~26577G"
"52",52,"~",27259,"C","None",0.974025974025974,"~27259C"
